{"cameraMode":{"drawMode":0,"name":"Shaded","section":"Shading Mode"},"sceneLighting":true,"audioPlay":false,"sceneViewState":{"showFog":true,"showMaterialUpdate":true,"showSkybox":true,"showFlares":true,"showImageEffects":true,"showParticleSystems":true},"in2DMode":false,"pivot":{"x":-0.6686925888061523,"y":0.38374483585357668,"z":0.17765960097312928},"rotation":{"x":-0.30655792355537417,"y":-0.3821448087692261,"z":0.13607709109783173,"w":-0.8611918687820435},"size":0.13201743364334107,"orthographic":false}